Workbook

Sheet Daily Sales Record
A1: Date | B1: Day | C1: Cafe Sales | D1: Laundry Sales | E1: Total Sales | F1: Cash Received | G1: GCash Received | H1: Bank Received | I1: Total Payments Received | J1: Amount Deposited | K1: Deposit Status | L1: Deposit Date | M1: Remarks
A2: 45869 | B2: Thursday | D2: 599 | E2: =IF(COUNTA(C2:D2)=0,"",SUM(C2:D2)) -> 599 | F2: 599 | I2: =IF(COUNTA(F2:H2)=0,"",SUM(F2:H2)) -> 599 | L2: 46241 | M2: VERIFIED AND CHECKED
A3: 45870 | B3: Friday | C3: 426 | D3: 520 | E3: =IF(COUNTA(C3:D3)=0,"",SUM(C3:D3)) -> 946 | F3: 946 | I3: =IF(COUNTA(F3:H3)=0,"",SUM(F3:H3)) -> 946 | L3: 46241 | M3: VERIFIED AND CHECKED
A4: 45871 | B4: Saturday | C4: 515 | D4: 575 | E4: =IF(COUNTA(C4:D4)=0,"",SUM(C4:D4)) -> 1090 | F4: 745 | G4: 345 | I4: =IF(COUNTA(F4:H4)=0,"",SUM(F4:H4)) -> 1090 | L4: 46241 | M4: VERIFIED AND CHECKED
A5: 45872 | B5: Sunday | C5: 526 | D5: 198 | E5: =IF(COUNTA(C5:D5)=0,"",SUM(C5:D5)) -> 724 | F5: 724 | I5: =IF(COUNTA(F5:H5)=0,"",SUM(F5:H5)) -> 724 | L5: 46241 | M5: VERIFIED AND CHECKED
A6: 45873 | B6: Monday | C6: 2132 | D6: 2005 | E6: =IF(COUNTA(C6:D6)=0,"",SUM(C6:D6)) -> 4137 | F6: 4137 | I6: =IF(COUNTA(F6:H6)=0,"",SUM(F6:H6)) -> 4137 | L6: 46241 | M6: VERIFIED AND CHECKED
A7: 45874 | B7: Tuesday | C7: 2199 | D7: 5690 | E7: =IF(COUNTA(C7:D7)=0,"",SUM(C7:D7)) -> 7889 | F7: 6905 | G7: 885 | H7: 99 | I7: =IF(COUNTA(F7:H7)=0,"",SUM(F7:H7)) -> 7889 | L7: 46241 | M7: VERIFIED AND CHECKED
A8: 45875 | B8: Wednesday | C8: 1052 | D8: 1044 | E8: =IF(COUNTA(C8:D8)=0,"",SUM(C8:D8)) -> 2096 | F8: 2096 | I8: =IF(COUNTA(F8:H8)=0,"",SUM(F8:H8)) -> 2096
A9: 45876 | B9: Thursday | C9: 396 | D9: 551 | E9: =IF(COUNTA(C9:D9)=0,"",SUM(C9:D9)) -> 947 | F9: 947 | H9: 98 | I9: =IF(COUNTA(F9:H9)=0,"",SUM(F9:H9)) -> 1045
A10: 45877 | B10: Friday | C10: 1209 | D10: 552 | E10: =IF(COUNTA(C10:D10)=0,"",SUM(C10:D10)) -> 1761 | F10: 1761 | I10: =IF(COUNTA(F10:H10)=0,"",SUM(F10:H10)) -> 1761
A11: 45878 | B11: Saturday | C11: 2785 | D11: 1990 | E11: =IF(COUNTA(C11:D11)=0,"",SUM(C11:D11)) -> 4775 | F11: =SUM(C11:D11)-SUM(G11:H11) -> 4775 | I11: =IF(COUNTA(F11:H11)=0,"",SUM(F11:H11)) -> 4775
A12: 45879 | B12: Sunday | C12: 278 | D12: 2406 | E12: =IF(COUNTA(C12:D12)=0,"",SUM(C12:D12)) -> 2684 | F12: 2684 | I12: =IF(COUNTA(F12:H12)=0,"",SUM(F12:H12)) -> 2684
A13: 45880 | B13: Monday | C13: 863 | D13: 995 | E13: =IF(COUNTA(C13:D13)=0,"",SUM(C13:D13)) -> 1858 | F13: 1600 | G13: 258 | I13: =IF(COUNTA(F13:H13)=0,"",SUM(F13:H13)) -> 1858
A14: 45881 | B14: Tuesday | C14: 230 | D14: 0 | E14: =IF(COUNTA(C14:D14)=0,"",SUM(C14:D14)) -> 230 | F14: 230 | I14: =IF(COUNTA(F14:H14)=0,"",SUM(F14:H14)) -> 230
A15: 45882 | B15: Wednesday | E15: =IF(COUNTA(C15:D15)=0,"",SUM(C15:D15))
A16: 45883 | B16: Thursday | E16: =IF(COUNTA(C16:D16)=0,"",SUM(C16:D16)) | I16: =IF(COUNTA(F16:H16)=0,"",SUM(F16:H16))
A17: 45884 | B17: Friday | E17: =IF(COUNTA(C17:D17)=0,"",SUM(C17:D17)) | I17: =IF(COUNTA(F17:H17)=0,"",SUM(F17:H17))
A18: 45885 | B18: Saturday | E18: =IF(COUNTA(C18:D18)=0,"",SUM(C18:D18)) | I18: =IF(COUNTA(F18:H18)=0,"",SUM(F18:H18))
A19: 45886 | B19: Sunday | E19: =IF(COUNTA(C19:D19)=0,"",SUM(C19:D19)) | I19: =IF(COUNTA(F19:H19)=0,"",SUM(F19:H19))
A20: 45887 | B20: Monday | E20: =IF(COUNTA(C20:D20)=0,"",SUM(C20:D20)) | I20: =IF(COUNTA(F20:H20)=0,"",SUM(F20:H20))
A21: 45888 | B21: Tuesday | E21: =IF(COUNTA(C21:D21)=0,"",SUM(C21:D21)) | I21: =IF(COUNTA(F21:H21)=0,"",SUM(F21:H21))
A22: 45889 | B22: Wednesday | E22: =IF(COUNTA(C22:D22)=0,"",SUM(C22:D22)) | I22: =IF(COUNTA(F22:H22)=0,"",SUM(F22:H22))
A23: 45890 | B23: Thursday | E23: =IF(COUNTA(C23:D23)=0,"",SUM(C23:D23)) | I23: =IF(COUNTA(F23:H23)=0,"",SUM(F23:H23))
A24: 45891 | B24: Friday | E24: =IF(COUNTA(C24:D24)=0,"",SUM(C24:D24)) | I24: =IF(COUNTA(F24:H24)=0,"",SUM(F24:H24))
A25: 45892 | B25: Saturday | E25: =IF(COUNTA(C25:D25)=0,"",SUM(C25:D25)) | I25: =IF(COUNTA(F25:H25)=0,"",SUM(F25:H25))
A26: 45893 | B26: Sunday | E26: =IF(COUNTA(C26:D26)=0,"",SUM(C26:D26)) | I26: =IF(COUNTA(F26:H26)=0,"",SUM(F26:H26))
A27: 45894 | B27: Monday | E27: =IF(COUNTA(C27:D27)=0,"",SUM(C27:D27)) | I27: =IF(COUNTA(F27:H27)=0,"",SUM(F27:H27))
... A32: 45899 | B32: Saturday | E32: =IF(COUNTA(C32:D32)=0,"",SUM(C32:D32)) | I32: =IF(COUNTA(F32:H32)=0,"",SUM(F32:H32))
C33: =SUM(C2:C32) -> 12611 | D33: =SUM(D2:D32) -> 17125 | E33: =SUM(E2:E32) -> 29736 | G33: =SUM(G2:H32) -> 1685 | H33: =SUM(H2:H32) -> 197
I34: =SUM(I2:I30) -> 29834

Sheet Monthly Summary
A1: SIP AND SPIN BUHANGIN
A2: DAILY SALES RECORD SUMMARY
A3: Period: July 31, 2025 to August 30, 2025
A5: Total Cafe Sales | B5: =SUM('Daily Sales Record'!C2:C32) -> 12611
A6: Total Laundry Sales | B6: =SUM('Daily Sales Record'!D2:D32) -> 17125
A7: Grand Total Sales | B7: =SUM('Daily Sales Record'!E2:E32) -> 29736
A8: Total Cash Received | B8: =SUM('Daily Sales Record'!F2:F32) -> 28149
A9: Total GCash Received | B9: =SUM('Daily Sales Record'!G2:G32) -> 1488
A10: Total Bank Received | B10: =SUM('Daily Sales Record'!H2:H32) -> 197
A11: Total Payments Received | B11: =SUM('Daily Sales Record'!I2:I32) -> 29834
A12: Total Amount Deposited | B12: =SUM('Daily Sales Record'!J2:J32) -> 0
